日付,商品名,中央値価格(円),データ件数
2025-05-02,ロケット団の栄光 BOX,NA,
2025-05-02,熱風のアリーナ BOX,NA,
2025-05-02,バトルパートナーズ BOX,NA,
2025-05-02,テラスタルフェスティバル BOX,NA,
2025-05-02,超電ブレイカー BOX,NA,
2025-05-02,ロケット団の栄光 BOX,NA,
2025-05-02,熱風のアリーナ BOX,NA,
2025-05-02,バトルパートナーズ BOX,NA,
2025-05-02,テラスタルフェスティバル BOX,NA,
2025-05-02,超電ブレイカー BOX,NA,
2025-05-02,ロケット団の栄光 BOX,NA,
2025-05-02,熱風のアリーナ BOX,NA,
2025-05-02,バトルパートナーズ BOX,NA,
2025-05-02,テラスタルフェスティバル BOX,NA,
2025-05-02,超電ブレイカー BOX,NA,
2025-05-02,ロケット団の栄光 BOX,NA,
2025-05-02,熱風のアリーナ BOX,NA,
2025-05-02,バトルパートナーズ BOX,NA,
2025-05-02,テラスタルフェスティバル BOX,NA,
2025-05-02,超電ブレイカー BOX,NA,
2025-05-02,ロケット団の栄光 BOX,NA,
2025-05-02,熱風のアリーナ BOX,NA,
2025-05-02,バトルパートナーズ BOX,NA,
2025-05-02,テラスタルフェスティバル BOX,NA,
2025-05-02,超電ブレイカー BOX,NA,
2025-05-04,ロケット団の栄光 BOX,14550,7500,37500,34
2025-05-04,熱風のアリーナ BOX,7800,5780,8888,19
2025-05-04,バトルパートナーズ BOX,8200,6333,18999,29
2025-05-04,テラスタルフェス BOX,16500,8888,32999,30
2025-05-04,超電ブレイカー BOX,8800,6500,18500,32
2025-05-04,ロケット団の栄光 BOX,16666,14500,37000,17
2025-05-04,熱風のアリーナ BOX,N/A,N/A,N/A,0
2025-05-04,バトルパートナーズ BOX,12000,8900,39999,19
2025-05-04,テラスタルフェス BOX,21200,11000,36000,25
2025-05-04,超電ブレイカー BOX,N/A,N/A,N/A,0
2025-05-04,ロケット団の栄光 BOX,16400,14600,28888,19
2025-05-04,熱風のアリーナ BOX,N/A,N/A,N/A,0
2025-05-04,バトルパートナーズ BOX,10950,8000,39999,24
2025-05-04,テラスタルフェス BOX,18650,11000,34490,18
2025-05-04,超電ブレイカー BOX,18500,9100,40444,21
2025-05-05,ロケット団の栄光 BOX,16880,14777,37999,19
2025-05-05,熱風のアリーナ BOX,13166,9400,32222,20
2025-05-05,バトルパートナーズ BOX,15850,9777,37300,18
2025-05-05,テラスタルフェス BOX,19000,11000,35000,17
2025-05-05,超電ブレイカー BOX,19000,9180,39999,20
2025-05-06,ロケット団の栄光 BOX,14999,14000,25000,21
2025-05-06,熱風のアリーナ BOX,12511,9200,33000,20
2025-05-06,バトルパートナーズ BOX,14350,9460,39999,18
2025-05-06,テラスタルフェス BOX,21650,11250,34490,18
2025-05-06,超電ブレイカー BOX,N/A,N/A,N/A,0
2025-05-07,ロケット団の栄光 BOX,16000,14500,34444,20
2025-05-07,熱風のアリーナ BOX,N/A,N/A,N/A,0
2025-05-07,バトルパートナーズ BOX,16850,8800,39999,18
2025-05-07,テラスタルフェス BOX,N/A,N/A,N/A,0
2025-05-07,超電ブレイカー BOX,12250,9300,28999,16
2025-05-08,ロケット団の栄光 BOX,16940,14800,27677,14
2025-05-08,熱風のアリーナ BOX,10450,8300,32222,24
2025-05-08,バトルパートナーズ BOX,15700,9460,46999,17
2025-05-08,テラスタルフェス BOX,N/A,N/A,N/A,0
2025-05-08,超電ブレイカー BOX,18000,9999,37999,19
2025-05-09,ロケット団の栄光 BOX,16880,14500,28000,17
2025-05-09,熱風のアリーナ BOX,N/A,N/A,N/A,0
2025-05-09,バトルパートナーズ BOX,11278,8499,46999,22
2025-05-09,テラスタルフェス BOX,21999,11300,40000,17
2025-05-09,超電ブレイカー BOX,19999,9800,41399,17
2025-05-10,ロケット団の栄光 BOX,14620,13500,29999,19
2025-05-10,熱風のアリーナ BOX,11056,9200,34999,18
2025-05-10,バトルパートナーズ BOX,14199,8980,46999,23
2025-05-10,テラスタルフェス BOX,20000,10800,33999,23
2025-05-10,超電ブレイカー BOX,12274,9999,28999,16
2025-05-11,ロケット団の栄光 BOX,N/A,N/A,N/A,0
2025-05-11,熱風のアリーナ BOX,11056,8780,32222,24
2025-05-11,バトルパートナーズ BOX,16000,9980,46999,18
2025-05-11,テラスタルフェス BOX,19500,10500,33999,22
2025-05-11,超電ブレイカー BOX,17500,9400,40444,19
2025-05-12,ロケット団の栄光 BOX,16880,13500,29000,21
2025-05-12,熱風のアリーナ BOX,N/A,N/A,N/A,0
2025-05-12,バトルパートナーズ BOX,16700,8499,46999,18
2025-05-12,テラスタルフェス BOX,N/A,N/A,N/A,0
2025-05-12,超電ブレイカー BOX,15450,9400,40399,14
2025-05-13,ロケット団の栄光 BOX,14888,13000,27777,17
2025-05-13,熱風のアリーナ BOX,12800,8700,32222,25
2025-05-13,バトルパートナーズ BOX,13900,9400,37300,18
2025-05-13,テラスタルフェス BOX,N/A,N/A,N/A,0
2025-05-13,超電ブレイカー BOX,25999,9900,40444,17
2025-05-14,ロケット団の栄光 BOX,15076,13399,23500,18
2025-05-14,熱風のアリーナ BOX,N/A,N/A,N/A,0
2025-05-14,バトルパートナーズ BOX,12400,8499,37300,23
2025-05-14,テラスタルフェス BOX,21888,10900,35000,17
2025-05-14,超電ブレイカー BOX,24000,9500,39899,19
2025-05-15,ロケット団の栄光 BOX,15000,13800,25000,17
2025-05-15,熱風のアリーナ BOX,N/A,N/A,N/A,0
2025-05-15,バトルパートナーズ BOX,N/A,N/A,N/A,0
2025-05-15,テラスタルフェス BOX,22000,11300,37300,17
2025-05-15,超電ブレイカー BOX,26500,9999,40444,14
2025-05-16,ロケット団の栄光 BOX,14999,13333,29999,23
2025-05-16,熱風のアリーナ BOX,16000,9333,32222,21
2025-05-16,バトルパートナーズ BOX,N/A,N/A,N/A,0
2025-05-16,テラスタルフェス BOX,22000,11300,35000,24
2025-05-16,超電ブレイカー BOX,25800,9500,39699,15
2025-05-17,ロケット団の栄光 BOX,15000,13500,29999,19
2025-05-17,熱風のアリーナ BOX,16800,9333,32222,21
2025-05-17,バトルパートナーズ BOX,10555,7800,32222,25
2025-05-17,テラスタルフェス BOX,21999,10333,37300,21
2025-05-17,超電ブレイカー BOX,25800,9999,39599,15
2025-05-18,ロケット団の栄光 BOX,14310,13500,29000,18
2025-05-18,熱風のアリーナ BOX,N/A,N/A,N/A,0
2025-05-18,バトルパートナーズ BOX,N/A,N/A,N/A,0
2025-05-18,テラスタルフェス BOX,21750,11777,37300,18
2025-05-18,超電ブレイカー BOX,22500,9999,41999,16
2025-05-19,ロケット団の栄光 BOX,13999,12777,29999,18
2025-05-19,熱風のアリーナ BOX,N/A,N/A,N/A,0
2025-05-19,バトルパートナーズ BOX,N/A,N/A,N/A,0
2025-05-19,テラスタルフェス BOX,N/A,N/A,N/A,0
2025-05-19,超電ブレイカー BOX,22500,8888,41299,16
2025-05-20,ロケット団の栄光 BOX,13500,12500,17000,17
2025-05-20,熱風のアリーナ BOX,12800,8200,31999,25
2025-05-20,バトルパートナーズ BOX,12400,8000,39999,19
2025-05-20,テラスタルフェス BOX,20300,10800,42000,24
2025-05-20,超電ブレイカー BOX,19499,9999,41099,20
2025-05-21,ロケット団の栄光 BOX,14750,12890,36000,18
2025-05-21,熱風のアリーナ BOX,N/A,N/A,N/A,0
2025-05-21,バトルパートナーズ BOX,12000,7999,32222,19
2025-05-21,テラスタルフェス BOX,N/A,N/A,N/A,0
2025-05-21,超電ブレイカー BOX,24000,9999,46666,17
2025-05-22,ロケット団の栄光 BOX,15250,12890,40599,18
2025-05-22,熱風のアリーナ BOX,12800,9199,32222,21
2025-05-22,バトルパートナーズ BOX,10528,7900,39999,24
2025-05-22,テラスタルフェス BOX,N/A,N/A,N/A,0
2025-05-22,超電ブレイカー BOX,19332,10800,41000,20
2025-05-23,ロケット団の栄光 BOX,16556,13000,32222,18
2025-05-23,熱風のアリーナ BOX,11500,8000,31999,24
2025-05-23,バトルパートナーズ BOX,11306,7999,39999,20
2025-05-23,テラスタルフェス BOX,N/A,N/A,N/A,0
2025-05-23,超電ブレイカー BOX,23500,10800,40444,17
2025-05-24,ロケット団の栄光 BOX,16111,12550,36000,23
2025-05-24,熱風のアリーナ BOX,11500,8000,31999,24
2025-05-24,バトルパートナーズ BOX,10555,7999,33333,21
2025-05-24,テラスタルフェス BOX,21450,9999,41400,20
2025-05-24,超電ブレイカー BOX,18000,9000,40444,17
2025-05-25,ロケット団の栄光 BOX,15700,11100,36000,23
2025-05-25,熱風のアリーナ BOX,12350,8250,31999,24
2025-05-25,バトルパートナーズ BOX,10500,7999,32222,21
2025-05-25,テラスタルフェス BOX,N/A,N/A,N/A,0
2025-05-25,超電ブレイカー BOX,17500,8800,40444,22
2025-05-26,ロケット団の栄光 BOX,15906,12500,36000,18
2025-05-26,熱風のアリーナ BOX,12350,9199,32222,20
2025-05-26,バトルパートナーズ BOX,10555,7999,32222,19
2025-05-26,テラスタルフェス BOX,23000,10300,42000,20
2025-05-26,超電ブレイカー BOX,18000,9380,36000,17
2025-05-27,ロケット団の栄光 BOX,15700,12000,37300,19
2025-05-27,熱風のアリーナ BOX,N/A,N/A,N/A,0
2025-05-27,バトルパートナーズ BOX,11111,7999,39999,25
2025-05-27,テラスタルフェス BOX,21000,9555,42000,24
2025-05-27,超電ブレイカー BOX,N/A,N/A,N/A,0
2025-05-28,ロケット団の栄光 BOX,17040,12100,43500,24
2025-05-28,熱風のアリーナ BOX,N/A,N/A,N/A,0
2025-05-28,バトルパートナーズ BOX,12400,8000,39999,19
2025-05-28,テラスタルフェス BOX,22000,9300,42000,23
2025-05-28,超電ブレイカー BOX,15500,8750,28999,23
2025-05-29,ロケット団の栄光 BOX,15200,11980,27499,23
2025-05-29,熱風のアリーナ BOX,N/A,N/A,N/A,0
2025-05-29,バトルパートナーズ BOX,11111,8000,32000,19
2025-05-29,テラスタルフェス BOX,N/A,N/A,N/A,0
2025-05-29,超電ブレイカー BOX,16833,8700,30000,18
2025-05-30,ロケット団の栄光 BOX,17080,12400,37300,23
2025-05-30,熱風のアリーナ BOX,N/A,N/A,N/A,0
2025-05-30,バトルパートナーズ BOX,11500,9000,39999,21
2025-05-30,テラスタルフェス BOX,20500,10800,41400,18
2025-05-30,超電ブレイカー BOX,15000,8600,38999,23
2025-05-31,ロケット団の栄光 BOX,16556,12000,36000,22
2025-05-31,熱風のアリーナ BOX,N/A,N/A,N/A,0
2025-05-31,バトルパートナーズ BOX,11500,9000,41000,21
2025-05-31,テラスタルフェス BOX,N/A,N/A,N/A,0
2025-05-31,超電ブレイカー BOX,12000,8600,38999,23
2025-06-01,ロケット団の栄光 BOX,16556,11999,36000,18
2025-06-01,熱風のアリーナ BOX,N/A,N/A,N/A,0
2025-06-01,バトルパートナーズ BOX,11500,8888,42222,21
2025-06-01,テラスタルフェス BOX,N/A,N/A,N/A,0
2025-06-01,超電ブレイカー BOX,11750,8555,38999,22
2025-06-02,ロケット団の栄光 BOX,16111,11999,36000,17
2025-06-02,熱風のアリーナ BOX,11950,8900,22999,24
2025-06-02,バトルパートナーズ BOX,12000,9000,42222,21
2025-06-02,テラスタルフェス BOX,N/A,N/A,N/A,0
2025-06-02,超電ブレイカー BOX,12400,8500,38999,22
2025-06-03,ロケット団の栄光 BOX,15606,11000,36000,22
2025-06-03,熱風のアリーナ BOX,12350,8250,38500,20
2025-06-03,バトルパートナーズ BOX,N/A,N/A,N/A,0
2025-06-03,テラスタルフェス BOX,N/A,N/A,N/A,0
2025-06-03,超電ブレイカー BOX,17000,9380,38999,17
2025-06-04,ロケット団の栄光 BOX,N/A,N/A,N/A,0
2025-06-04,熱風のアリーナ BOX,12199,8666,35800,20
2025-06-04,バトルパートナーズ BOX,N/A,N/A,N/A,0
2025-06-04,テラスタルフェス BOX,20500,10000,41400,18
2025-06-04,超電ブレイカー BOX,12150,8500,40444,22
2025-06-05,ロケット団の栄光 BOX,17080,11000,39999,17
2025-06-05,熱風のアリーナ BOX,11900,8499,33800,25
2025-06-05,バトルパートナーズ BOX,13399,9000,43000,23
2025-06-05,テラスタルフェス BOX,N/A,N/A,N/A,0
2025-06-05,超電ブレイカー BOX,14250,9000,40444,22
2025-06-06,ロケット団の栄光 BOX,N/A,N/A,N/A,0
2025-06-06,熱風のアリーナ BOX,12000,8666,34000,24
2025-06-06,バトルパートナーズ BOX,N/A,N/A,N/A,0
2025-06-06,テラスタルフェス BOX,20000,10000,35000,19
2025-06-06,超電ブレイカー BOX,16890,9000,44444,23
2025-06-07,ロケット団の栄光 BOX,17080,9999,39500,17
2025-06-07,熱風のアリーナ BOX,N/A,N/A,N/A,0
2025-06-07,バトルパートナーズ BOX,N/A,N/A,N/A,0
2025-06-07,テラスタルフェス BOX,N/A,N/A,N/A,0
2025-06-07,超電ブレイカー BOX,17500,9299,40444,19
2025-06-08,ロケット団の栄光 BOX,17080,11999,45000,23
2025-06-08,熱風のアリーナ BOX,N/A,N/A,N/A,0
2025-06-08,バトルパートナーズ BOX,16950,9460,47000,22
2025-06-08,テラスタルフェス BOX,N/A,N/A,N/A,0
2025-06-08,超電ブレイカー BOX,20700,9499,40444,19
2025-06-09,ロケット団の栄光 BOX,16596,12900,45000,18
2025-06-09,熱風のアリーナ BOX,N/A,N/A,N/A,0
2025-06-09,バトルパートナーズ BOX,17500,10000,44800,23
2025-06-09,テラスタルフェス BOX,19695,10000,39999,16
2025-06-09,超電ブレイカー BOX,11650,9000,40444,24
2025-06-10,ロケット団の栄光 BOX,16800,12555,43800,23
2025-06-10,熱風のアリーナ BOX,N/A,N/A,N/A,0
2025-06-10,バトルパートナーズ BOX,N/A,N/A,N/A,0
2025-06-10,テラスタルフェス BOX,19695,10000,39999,16
2025-06-10,超電ブレイカー BOX,19100,9699,40444,18
2025-06-11,ロケット団の栄光 BOX,16800,12000,37300,25
2025-06-11,熱風のアリーナ BOX,10750,8333,36000,20
2025-06-11,バトルパートナーズ BOX,N/A,N/A,N/A,0
2025-06-11,テラスタルフェス BOX,22055,11500,39999,16
2025-06-11,超電ブレイカー BOX,11425,9000,32000,22
2025-06-12,ロケット団の栄光 BOX,14500,12000,39999,25
2025-06-12,熱風のアリーナ BOX,9894,8280,27000,24
2025-06-12,バトルパートナーズ BOX,12950,7999,29800,24
2025-06-12,テラスタルフェス BOX,20000,10000,39999,23
2025-06-12,超電ブレイカー BOX,15000,9500,32000,18
2025-06-13,ロケット団の栄光 BOX,13750,12111,25800,18
2025-06-13,熱風のアリーナ BOX,9950,8280,26500,24
2025-06-13,バトルパートナーズ BOX,11500,7900,26999,24
2025-06-13,テラスタルフェス BOX,21500,10090,39999,20
2025-06-13,超電ブレイカー BOX,12499,9499,32000,19
2025-06-14,ロケット団の栄光 BOX,N/A,N/A,N/A,0
2025-06-14,熱風のアリーナ BOX,N/A,N/A,N/A,0
2025-06-14,バトルパートナーズ BOX,12000,7800,39999,21
2025-06-14,テラスタルフェス BOX,21056,9500,40000,24
2025-06-14,超電ブレイカー BOX,N/A,N/A,N/A,0
2025-06-15,ロケット団の栄光 BOX,13333,12000,37300,23
2025-06-15,熱風のアリーナ BOX,N/A,N/A,N/A,0
2025-06-15,バトルパートナーズ BOX,10250,7800,30000,20
2025-06-15,テラスタルフェス BOX,24900,11500,39999,18
2025-06-15,超電ブレイカー BOX,10956,8900,28999,24
2025-06-16,ロケット団の栄光 BOX,14444,12222,25800,18
2025-06-16,熱風のアリーナ BOX,9300,8333,20800,21
2025-06-16,バトルパートナーズ BOX,11500,7999,37300,24
2025-06-16,テラスタルフェス BOX,27900,19000,41000,18
2025-06-16,超電ブレイカー BOX,N/A,N/A,N/A,0
2025-06-17,ロケット団の栄光 BOX,14500,12000,37300,17
2025-06-17,熱風のアリーナ BOX,9500,8333,18499,19
2025-06-17,バトルパートナーズ BOX,13000,8500,39999,20
2025-06-17,テラスタルフェス BOX,20000,9800,40000,23
2025-06-17,超電ブレイカー BOX,12333,9000,36999,23
2025-06-18,ロケット団の栄光 BOX,13000,12200,37300,23
2025-06-18,熱風のアリーナ BOX,9500,8277,18499,20
2025-06-18,バトルパートナーズ BOX,10650,7800,37300,20
2025-06-18,テラスタルフェス BOX,20500,9500,40000,22
2025-06-18,超電ブレイカー BOX,12416,9000,36999,22
2025-06-19,ロケット団の栄光 BOX,13916,12000,33333,24
2025-06-19,熱風のアリーナ BOX,N/A,N/A,N/A,0
2025-06-19,バトルパートナーズ BOX,N/A,N/A,N/A,0
2025-06-19,テラスタルフェス BOX,N/A,N/A,N/A,0
2025-06-19,超電ブレイカー BOX,12499,9299,36999,23
2025-06-20,ロケット団の栄光 BOX,12750,11000,33333,18
2025-06-20,熱風のアリーナ BOX,10000,8200,26500,25
2025-06-20,バトルパートナーズ BOX,N/A,N/A,N/A,0
2025-06-20,テラスタルフェス BOX,17777,9000,35000,25
2025-06-20,超電ブレイカー BOX,12800,9888,36999,21
2025-06-21,ロケット団の栄光 BOX,13000,11000,32999,19
2025-06-21,熱風のアリーナ BOX,N/A,N/A,N/A,0
2025-06-21,バトルパートナーズ BOX,14178,7888,47000,20
2025-06-21,テラスタルフェス BOX,N/A,N/A,N/A,0
2025-06-21,超電ブレイカー BOX,12800,9888,36999,21
2025-06-22,ロケット団の栄光 BOX,13000,10799,32999,23
2025-06-22,熱風のアリーナ BOX,9300,8000,26000,20
2025-06-22,バトルパートナーズ BOX,14999,8299,37300,21
2025-06-22,テラスタルフェス BOX,18999,9999,39390,21
2025-06-22,超電ブレイカー BOX,12800,9000,36999,21
2025-06-23,ロケット団の栄光 BOX,12900,10699,32999,23
2025-06-23,熱風のアリーナ BOX,N/A,N/A,N/A,0
2025-06-23,バトルパートナーズ BOX,12750,8200,34000,20
2025-06-23,テラスタルフェス BOX,21777,11500,39999,19
2025-06-23,超電ブレイカー BOX,16666,10000,40444,17
2025-06-24,ロケット団の栄光 BOX,12950,10500,32999,20
2025-06-24,熱風のアリーナ BOX,10499,8600,31999,25
2025-06-24,バトルパートナーズ BOX,12000,9000,27800,24
2025-06-24,テラスタルフェス BOX,N/A,N/A,N/A,0
2025-06-24,超電ブレイカー BOX,16666,10000,36999,17
2025-06-25,ロケット団の栄光 BOX,N/A,N/A,N/A,0
2025-06-25,熱風のアリーナ BOX,N/A,N/A,N/A,0
2025-06-25,バトルパートナーズ BOX,N/A,N/A,N/A,0
2025-06-25,テラスタルフェス BOX,20000,11800,37300,20
2025-06-25,超電ブレイカー BOX,N/A,N/A,N/A,0
2025-06-26,ロケット団の栄光 BOX,12900,10333,37300,25
2025-06-26,熱風のアリーナ BOX,11880,8500,32500,21
2025-06-26,バトルパートナーズ BOX,13650,8999,27800,24
2025-06-26,テラスタルフェス BOX,23333,12000,37300,21
2025-06-26,超電ブレイカー BOX,23000,10200,43800,16
2025-06-27,ロケット団の栄光 BOX,12250,10500,32222,24
2025-06-27,熱風のアリーナ BOX,N/A,N/A,N/A,0
2025-06-27,バトルパートナーズ BOX,12000,8888,19999,24
2025-06-27,テラスタルフェス BOX,20000,11999,35000,18
2025-06-27,超電ブレイカー BOX,18444,10000,40444,16
2025-06-28,ロケット団の栄光 BOX,N/A,N/A,N/A,0
2025-06-28,熱風のアリーナ BOX,10500,8699,26000,21
2025-06-28,バトルパートナーズ BOX,12000,8222,29000,19
2025-06-28,テラスタルフェス BOX,13600,11500,36000,24
2025-06-28,超電ブレイカー BOX,12650,10000,29999,20
2025-06-29,ロケット団の栄光 BOX,13000,11111,32222,19
2025-06-29,熱風のアリーナ BOX,10499,8250,25999,21
2025-06-29,バトルパートナーズ BOX,10555,7999,29000,25
2025-06-29,テラスタルフェス BOX,15000,11200,36000,19
2025-06-29,超電ブレイカー BOX,18444,10500,33000,16
2025-06-30,ロケット団の栄光 BOX,N/A,N/A,N/A,0
2025-06-30,熱風のアリーナ BOX,N/A,N/A,N/A,0
2025-06-30,バトルパートナーズ BOX,10500,7800,19999,25
2025-06-30,テラスタルフェス BOX,N/A,N/A,N/A,0
2025-06-30,超電ブレイカー BOX,N/A,N/A,N/A,0
2025-07-01,ロケット団の栄光 BOX,13333,11900,32222,24
2025-07-01,熱風のアリーナ BOX,11111,8700,25999,21
2025-07-01,バトルパートナーズ BOX,N/A,N/A,N/A,0
2025-07-01,テラスタルフェス BOX,13250,11100,34000,18
2025-07-01,超電ブレイカー BOX,21600,10500,46500,17
2025-07-02,ロケット団の栄光 BOX,N/A,N/A,N/A,0
2025-07-02,熱風のアリーナ BOX,11722,8800,18500,20
2025-07-02,バトルパートナーズ BOX,12000,8200,24699,25
2025-07-02,テラスタルフェス BOX,12999,11000,34000,23
2025-07-02,超電ブレイカー BOX,12900,10888,33000,19
2025-07-03,ロケット団の栄光 BOX,12700,11500,37300,24
2025-07-03,熱風のアリーナ BOX,11111,8700,38888,25
2025-07-03,バトルパートナーズ BOX,10999,7999,31999,25
2025-07-03,テラスタルフェス BOX,13250,11100,35000,24
2025-07-03,超電ブレイカー BOX,17944,11111,46400,16
2025-07-04,ロケット団の栄光 BOX,13000,11500,37300,19
2025-07-04,熱風のアリーナ BOX,12000,8700,37777,25
2025-07-04,バトルパートナーズ BOX,10250,7888,19999,20
2025-07-04,テラスタルフェス BOX,13500,11500,35000,23
2025-07-04,超電ブレイカー BOX,12850,8700,33000,16
2025-07-05,ロケット団の栄光 BOX,13000,12000,37300,20
2025-07-05,熱風のアリーナ BOX,12166,8700,34000,24
2025-07-05,バトルパートナーズ BOX,N/A,N/A,N/A,0
2025-07-05,テラスタルフェス BOX,N/A,N/A,N/A,0
2025-07-05,超電ブレイカー BOX,N/A,N/A,N/A,0
2025-07-06,ロケット団の栄光 BOX,N/A,N/A,N/A,0
2025-07-06,熱風のアリーナ BOX,N/A,N/A,N/A,0
2025-07-06,バトルパートナーズ BOX,N/A,N/A,N/A,0
2025-07-06,テラスタルフェス BOX,N/A,N/A,N/A,0
2025-07-06,超電ブレイカー BOX,12499,10800,27000,19
2025-07-07,ロケット団の栄光 BOX,N/A,N/A,N/A,0
2025-07-07,熱風のアリーナ BOX,11000,8888,20800,22
2025-07-07,バトルパートナーズ BOX,N/A,N/A,N/A,0
2025-07-07,テラスタルフェス BOX,13400,11500,33000,18
2025-07-07,超電ブレイカー BOX,N/A,N/A,N/A,0
2025-07-08,ロケット団の栄光 BOX,N/A,N/A,N/A,0
2025-07-08,熱風のアリーナ BOX,N/A,N/A,N/A,0
2025-07-08,バトルパートナーズ BOX,N/A,N/A,N/A,0
2025-07-08,テラスタルフェス BOX,N/A,N/A,N/A,0
2025-07-08,超電ブレイカー BOX,12800,10500,28999,15
2025-07-09,ロケット団の栄光 BOX,N/A,N/A,N/A,0
2025-07-09,熱風のアリーナ BOX,N/A,N/A,N/A,0
2025-07-09,バトルパートナーズ BOX,N/A,N/A,N/A,0
2025-07-09,テラスタルフェス BOX,12500,10980,32400,24
2025-07-09,超電ブレイカー BOX,12500,10500,27000,19
2025-07-10,ロケット団の栄光 BOX,13000,11700,37300,20
2025-07-10,熱風のアリーナ BOX,N/A,N/A,N/A,0
2025-07-10,バトルパートナーズ BOX,10999,8450,19999,24
2025-07-10,テラスタルフェス BOX,12500,10999,33100,24
2025-07-10,超電ブレイカー BOX,N/A,N/A,N/A,0
2025-07-11,ロケット団の栄光 BOX,13490,11850,37300,20
2025-07-11,熱風のアリーナ BOX,N/A,N/A,N/A,0
2025-07-11,バトルパートナーズ BOX,10999,8500,27000,25
2025-07-11,テラスタルフェス BOX,13500,10800,33100,23
2025-07-11,超電ブレイカー BOX,12066,10800,25900,16
2025-07-12,ロケット団の栄光 BOX,16800,11850,48000,15
2025-07-12,熱風のアリーナ BOX,N/A,N/A,N/A,0
2025-07-12,バトルパートナーズ BOX,10728,8500,19999,24
2025-07-12,テラスタルフェス BOX,14250,11000,33333,18
2025-07-12,超電ブレイカー BOX,11900,10500,27000,20
2025-07-13,ロケット団の栄光 BOX,14990,12000,37300,18
2025-07-13,熱風のアリーナ BOX,N/A,N/A,N/A,0
2025-07-13,バトルパートナーズ BOX,10500,8500,19999,25
2025-07-13,テラスタルフェス BOX,N/A,N/A,N/A,0
2025-07-13,超電ブレイカー BOX,12166,10800,35700,16
2025-07-14,ロケット団の栄光 BOX,N/A,N/A,N/A,0
2025-07-14,熱風のアリーナ BOX,N/A,N/A,N/A,0
2025-07-14,バトルパートナーズ BOX,N/A,N/A,N/A,0
2025-07-14,テラスタルフェス BOX,N/A,N/A,N/A,0
2025-07-14,超電ブレイカー BOX,N/A,N/A,N/A,0
2025-07-15,ロケット団の栄光 BOX,13000,11700,48000,16
2025-07-15,熱風のアリーナ BOX,N/A,N/A,N/A,0
2025-07-15,バトルパートナーズ BOX,N/A,N/A,N/A,0
2025-07-15,テラスタルフェス BOX,N/A,N/A,N/A,0
2025-07-15,超電ブレイカー BOX,12650,9800,27000,16
2025-07-16,ロケット団の栄光 BOX,12800,11999,33000,19
2025-07-16,熱風のアリーナ BOX,11900,8999,23999,16
2025-07-16,バトルパートナーズ BOX,12000,8500,27800,19
2025-07-16,テラスタルフェス BOX,N/A,N/A,N/A,0
2025-07-16,超電ブレイカー BOX,N/A,N/A,N/A,0
2025-07-17,ロケット団の栄光 BOX,12900,12000,32222,19
2025-07-17,熱風のアリーナ BOX,N/A,N/A,N/A,0
2025-07-17,バトルパートナーズ BOX,10850,8100,27800,24
2025-07-17,テラスタルフェス BOX,N/A,N/A,N/A,0
2025-07-17,超電ブレイカー BOX,N/A,N/A,N/A,0
2025-07-18,ロケット団の栄光 BOX,N/A,N/A,N/A,0
2025-07-18,熱風のアリーナ BOX,11000,9999,20800,21
2025-07-18,バトルパートナーズ BOX,12000,8500,32200,17
2025-07-18,テラスタルフェス BOX,15833,11500,39800,20
2025-07-18,超電ブレイカー BOX,12416,11100,35700,16
2025-07-19,ロケット団の栄光 BOX,12800,9980,32222,19
2025-07-19,熱風のアリーナ BOX,N/A,N/A,N/A,0
2025-07-19,バトルパートナーズ BOX,N/A,N/A,N/A,0
2025-07-19,テラスタルフェス BOX,20250,11620,39800,16
2025-07-19,超電ブレイカー BOX,12950,11200,35700,16
2025-07-20,ロケット団の栄光 BOX,14450,9980,34000,16
2025-07-20,熱風のアリーナ BOX,11000,9500,20800,22
2025-07-20,バトルパートナーズ BOX,N/A,N/A,N/A,0
2025-07-20,テラスタルフェス BOX,15000,11200,39700,21
2025-07-20,超電ブレイカー BOX,12800,11100,35700,14
2025-07-21,ロケット団の栄光 BOX,12392,9980,34000,22
2025-07-21,熱風のアリーナ BOX,11600,9500,20800,21
2025-07-21,バトルパートナーズ BOX,12000,8500,27800,18
2025-07-21,テラスタルフェス BOX,14722,10970,39700,22
2025-07-21,超電ブレイカー BOX,N/A,N/A,N/A,0
2025-07-22,ロケット団の栄光 BOX,N/A,N/A,N/A,0
2025-07-22,熱風のアリーナ BOX,N/A,N/A,N/A,0
2025-07-22,バトルパートナーズ BOX,12000,8500,27800,23
2025-07-22,テラスタルフェス BOX,20000,11500,37500,19
2025-07-22,超電ブレイカー BOX,N/A,N/A,N/A,0
2025-07-23,ロケット団の栄光 BOX,12800,11000,32222,23
2025-07-23,熱風のアリーナ BOX,12000,9975,33000,19
2025-07-23,バトルパートナーズ BOX,12000,8500,34999,23
2025-07-23,テラスタルフェス BOX,19000,11500,39700,19
2025-07-23,超電ブレイカー BOX,12800,7000,35700,15
2025-07-24,ロケット団の栄光 BOX,13000,10900,32222,17
2025-07-24,熱風のアリーナ BOX,N/A,N/A,N/A,0
2025-07-24,バトルパートナーズ BOX,N/A,N/A,N/A,0
2025-07-24,テラスタルフェス BOX,20000,11620,37500,22
2025-07-24,超電ブレイカー BOX,15944,7000,44444,12
2025-07-25,ロケット団の栄光 BOX,N/A,N/A,N/A,0
2025-07-25,熱風のアリーナ BOX,11600,9999,16000,21
2025-07-25,バトルパートナーズ BOX,12000,8500,37300,23
2025-07-25,テラスタルフェス BOX,18333,11620,39600,20
2025-07-25,超電ブレイカー BOX,N/A,N/A,N/A,0
2025-07-26,ロケット団の栄光 BOX,13000,10500,32222,17
2025-07-26,熱風のアリーナ BOX,10750,9999,15999,16
2025-07-26,バトルパートナーズ BOX,12000,9600,37300,17
2025-07-26,テラスタルフェス BOX,20000,11499,37500,17
2025-07-26,超電ブレイカー BOX,N/A,N/A,N/A,0
2025-07-27,ロケット団の栄光 BOX,N/A,N/A,N/A,0
2025-07-27,熱風のアリーナ BOX,N/A,N/A,N/A,0
2025-07-27,バトルパートナーズ BOX,11800,9000,21499,23
2025-07-27,テラスタルフェス BOX,N/A,N/A,N/A,0
2025-07-27,超電ブレイカー BOX,N/A,N/A,N/A,0
2025-07-28,ロケット団の栄光 BOX,N/A,N/A,N/A,0
2025-07-28,熱風のアリーナ BOX,N/A,N/A,N/A,0
2025-07-28,バトルパートナーズ BOX,12000,9000,20999,19
2025-07-28,テラスタルフェス BOX,21000,11500,40000,16
2025-07-28,超電ブレイカー BOX,N/A,N/A,N/A,0
2025-07-29,ロケット団の栄光 BOX,11999,10400,30000,23
2025-07-29,熱風のアリーナ BOX,N/A,N/A,N/A,0
2025-07-29,バトルパートナーズ BOX,N/A,N/A,N/A,0
2025-07-29,テラスタルフェス BOX,N/A,N/A,N/A,0
2025-07-29,超電ブレイカー BOX,N/A,N/A,N/A,0
2025-07-30,ロケット団の栄光 BOX,11999,10400,32222,23
2025-07-30,熱風のアリーナ BOX,N/A,N/A,N/A,0
2025-07-30,バトルパートナーズ BOX,12800,9000,26500,24
2025-07-30,テラスタルフェス BOX,17500,11620,37500,16
2025-07-30,超電ブレイカー BOX,N/A,N/A,N/A,0
2025-07-31,ロケット団の栄光 BOX,16400,10000,32222,18
2025-07-31,熱風のアリーナ BOX,N/A,N/A,N/A,0
2025-07-31,バトルパートナーズ BOX,12000,8800,25800,25
2025-07-31,テラスタルフェス BOX,13972,11111,37500,22
2025-07-31,超電ブレイカー BOX,13600,7000,35700,13
2025-08-01,ロケット団の栄光 BOX,13000,10000,36480,19
2025-08-01,熱風のアリーナ BOX,11000,9000,16000,18
2025-08-01,バトルパートナーズ BOX,12000,8700,25800,25
2025-08-01,テラスタルフェス BOX,N/A,N/A,N/A,0
2025-08-01,超電ブレイカー BOX,N/A,N/A,N/A,0
2025-08-02,ロケット団の栄光 BOX,12350,10000,35990,24
2025-08-02,熱風のアリーナ BOX,11750,9555,25000,22
2025-08-02,バトルパートナーズ BOX,N/A,N/A,N/A,0
2025-08-02,テラスタルフェス BOX,13000,10699,37500,25
2025-08-02,超電ブレイカー BOX,N/A,N/A,N/A,0
2025-08-03,ロケット団の栄光 BOX,12950,9999,31500,24
2025-08-03,熱風のアリーナ BOX,N/A,N/A,N/A,0
2025-08-03,バトルパートナーズ BOX,N/A,N/A,N/A,0
2025-08-03,テラスタルフェス BOX,13000,10699,37500,25
2025-08-03,超電ブレイカー BOX,N/A,N/A,N/A,0
2025-08-04,ロケット団の栄光 BOX,11500,9999,28000,24
2025-08-04,熱風のアリーナ BOX,11111,9500,16000,19
2025-08-04,バトルパートナーズ BOX,N/A,N/A,N/A,0
2025-08-04,テラスタルフェス BOX,N/A,N/A,N/A,0
2025-08-04,超電ブレイカー BOX,13200,11111,28999,16
2025-08-05,ロケット団の栄光 BOX,12900,10000,28000,19
2025-08-05,熱風のアリーナ BOX,11156,9500,18500,24
2025-08-05,バトルパートナーズ BOX,12000,9000,19999,20
2025-08-05,テラスタルフェス BOX,14000,10999,37500,16
2025-08-05,超電ブレイカー BOX,N/A,N/A,N/A,0
2025-08-06,ロケット団の栄光 BOX,11100,9999,28000,24
2025-08-06,熱風のアリーナ BOX,11156,9555,18500,24
2025-08-06,バトルパートナーズ BOX,N/A,N/A,N/A,0
2025-08-06,テラスタルフェス BOX,13250,11111,37500,20
2025-08-06,超電ブレイカー BOX,N/A,N/A,N/A,0
2025-08-07,ロケット団の栄光 BOX,11700,10000,25000,19
2025-08-07,熱風のアリーナ BOX,N/A,N/A,N/A,0
2025-08-07,バトルパートナーズ BOX,N/A,N/A,N/A,0
2025-08-07,テラスタルフェス BOX,14250,11500,37000,16
2025-08-07,超電ブレイカー BOX,N/A,N/A,N/A,0
2025-08-08,ロケット団の栄光 BOX,11750,10000,34780,24
2025-08-08,熱風のアリーナ BOX,11200,9800,28000,20
2025-08-08,バトルパートナーズ BOX,11250,8333,23800,20
2025-08-08,テラスタルフェス BOX,14444,11000,40000,21
2025-08-08,超電ブレイカー BOX,N/A,N/A,N/A,0
2025-08-09,ロケット団の栄光 BOX,11700,10000,25000,24
2025-08-09,熱風のアリーナ BOX,11111,9777,28000,25
2025-08-09,バトルパートナーズ BOX,12000,8222,23800,25
2025-08-09,テラスタルフェス BOX,N/A,N/A,N/A,0
2025-08-09,超電ブレイカー BOX,13200,11480,28999,16
2025-08-10,ロケット団の栄光 BOX,12900,10444,34680,18
2025-08-10,熱風のアリーナ BOX,11200,9700,24000,25
2025-08-10,バトルパートナーズ BOX,10750,8999,19999,18
2025-08-10,テラスタルフェス BOX,13250,10980,39000,16
2025-08-10,超電ブレイカー BOX,N/A,N/A,N/A,0
2025-08-11,ロケット団の栄光 BOX,11600,9999,36000,23
2025-08-11,熱風のアリーナ BOX,N/A,N/A,N/A,0
2025-08-11,バトルパートナーズ BOX,12000,8800,34000,24
2025-08-11,テラスタルフェス BOX,13972,11111,39000,22
2025-08-11,超電ブレイカー BOX,N/A,N/A,N/A,0
2025-08-12,ロケット団の栄光 BOX,11850,9999,35000,24
2025-08-12,熱風のアリーナ BOX,11000,9400,16000,24
2025-08-12,バトルパートナーズ BOX,10500,8000,23800,23
2025-08-12,テラスタルフェス BOX,N/A,N/A,N/A,0
2025-08-12,超電ブレイカー BOX,N/A,N/A,N/A,0
2025-08-13,ロケット団の栄光 BOX,N/A,N/A,N/A,0
2025-08-13,熱風のアリーナ BOX,N/A,N/A,N/A,0
2025-08-13,バトルパートナーズ BOX,12000,8000,29999,23
2025-08-13,テラスタルフェス BOX,15000,11500,40000,23
2025-08-13,超電ブレイカー BOX,12800,6999,28999,15
2025-08-14,ロケット団の栄光 BOX,11600,9800,34580,25
2025-08-14,熱風のアリーナ BOX,11440,9900,27999,24
2025-08-14,バトルパートナーズ BOX,13800,9400,39999,23
2025-08-14,テラスタルフェス BOX,18000,11500,40000,23
2025-08-14,超電ブレイカー BOX,13200,6999,28999,16
2025-08-15,ロケット団の栄光 BOX,11000,9444,33500,24
2025-08-15,熱風のアリーナ BOX,11500,9900,33999,25
2025-08-15,バトルパートナーズ BOX,13400,9400,39999,24
2025-08-15,テラスタルフェス BOX,N/A,N/A,N/A,0
2025-08-15,超電ブレイカー BOX,12800,6999,28999,11
2025-08-16,ロケット団の栄光 BOX,11000,9650,33500,24
2025-08-16,熱風のアリーナ BOX,11699,9888,33999,25
2025-08-16,バトルパートナーズ BOX,N/A,N/A,N/A,0
2025-08-16,テラスタルフェス BOX,24250,11500,40000,22
2025-08-16,超電ブレイカー BOX,N/A,N/A,N/A,0
2025-08-17,ロケット団の栄光 BOX,N/A,N/A,N/A,0
2025-08-17,熱風のアリーナ BOX,11500,9555,27999,25
2025-08-17,バトルパートナーズ BOX,N/A,N/A,N/A,0
2025-08-17,テラスタルフェス BOX,23250,12000,36500,22
2025-08-17,超電ブレイカー BOX,13200,11500,27000,18
2025-08-18,ロケット団の栄光 BOX,N/A,N/A,N/A,0
2025-08-18,熱風のアリーナ BOX,N/A,N/A,N/A,0
2025-08-18,バトルパートナーズ BOX,10500,8300,24499,23
2025-08-18,テラスタルフェス BOX,N/A,N/A,N/A,0
2025-08-18,超電ブレイカー BOX,13600,12000,27000,17
2025-08-20,ロケット団の栄光 BOX,10990,9400,32500,24
2025-08-20,熱風のアリーナ BOX,11256,9800,24999,24
2025-08-20,バトルパートナーズ BOX,N/A,N/A,N/A,0
2025-08-20,テラスタルフェス BOX,N/A,N/A,N/A,0
2025-08-20,超電ブレイカー BOX,N/A,N/A,N/A,0
2025-08-21,ロケット団の栄光 BOX,10990,9400,32000,24
2025-08-21,熱風のアリーナ BOX,N/A,N/A,N/A,0
2025-08-21,バトルパートナーズ BOX,N/A,N/A,N/A,0
2025-08-21,テラスタルフェス BOX,25400,11800,40000,16
2025-08-21,超電ブレイカー BOX,14800,6999,28999,13
2025-08-22,ロケット団の栄光 BOX,N/A,N/A,N/A,0
2025-08-22,熱風のアリーナ BOX,11156,9750,26000,24
2025-08-22,バトルパートナーズ BOX,N/A,N/A,N/A,0
2025-08-22,テラスタルフェス BOX,19999,11800,34000,19
2025-08-22,超電ブレイカー BOX,N/A,N/A,N/A,0
2025-08-23,ロケット団の栄光 BOX,11250,9500,31500,24
2025-08-23,熱風のアリーナ BOX,11600,9800,27300,24
2025-08-23,バトルパートナーズ BOX,N/A,N/A,N/A,0
2025-08-23,テラスタルフェス BOX,24500,12000,30000,16
2025-08-23,超電ブレイカー BOX,N/A,N/A,N/A,0
2025-08-24,ロケット団の栄光 BOX,11000,9500,28000,24
2025-08-24,熱風のアリーナ BOX,N/A,N/A,N/A,0
2025-08-24,バトルパートナーズ BOX,12500,8800,23333,24
2025-08-24,テラスタルフェス BOX,18750,13000,30000,18
2025-08-24,超電ブレイカー BOX,13600,5000,28999,15
2025-08-25,ロケット団の栄光 BOX,11000,9500,17080,18
2025-08-25,熱風のアリーナ BOX,11111,9999,20700,19
2025-08-25,バトルパートナーズ BOX,13000,8599,20999,19
2025-08-25,テラスタルフェス BOX,15000,12999,30000,19
2025-08-25,超電ブレイカー BOX,14800,7500,28999,15
2025-08-26,ロケット団の栄光 BOX,11250,9900,32250,22
2025-08-26,熱風のアリーナ BOX,11405,9700,26000,24
2025-08-26,バトルパートナーズ BOX,13000,8500,23333,24
2025-08-26,テラスタルフェス BOX,19900,14444,35000,18
2025-08-26,超電ブレイカー BOX,15000,7500,28999,15
2025-08-27,ロケット団の栄光 BOX,11000,9500,25000,21
2025-08-27,熱風のアリーナ BOX,12000,10000,35999,23
2025-08-27,バトルパートナーズ BOX,12000,8400,21800,18
2025-08-27,テラスタルフェス BOX,19900,15000,32000,18
2025-08-27,超電ブレイカー BOX,14900,12000,27000,16
2025-08-28,ロケット団の栄光 BOX,11000,9300,25000,21
2025-08-28,熱風のアリーナ BOX,12000,9999,35999,22
2025-08-28,バトルパートナーズ BOX,12000,8700,21800,23
2025-08-28,テラスタルフェス BOX,19999,15000,34000,17
2025-08-28,超電ブレイカー BOX,14900,7500,28999,16
2025-08-29,ロケット団の栄光 BOX,11000,9800,25000,22
2025-08-29,熱風のアリーナ BOX,12475,9999,37333,22
2025-08-29,バトルパートナーズ BOX,13000,8888,22222,23
2025-08-29,テラスタルフェス BOX,19499,15000,42000,18
2025-08-29,超電ブレイカー BOX,15944,12333,44444,14
2025-08-30,ロケット団の栄光 BOX,11000,9783,25000,24
2025-08-30,熱風のアリーナ BOX,12475,9999,35999,22
2025-08-30,バトルパートナーズ BOX,13000,8888,22222,23
2025-08-30,テラスタルフェス BOX,24999,15000,48000,15
2025-08-30,超電ブレイカー BOX,15944,12450,44444,14
2025-08-31,ロケット団の栄光 BOX,12000,9500,31111,24
2025-08-31,熱風のアリーナ BOX,12392,9999,35999,24
2025-08-31,バトルパートナーズ BOX,13000,9460,22222,22
2025-08-31,テラスタルフェス BOX,30000,14999,47777,11
2025-08-31,超電ブレイカー BOX,15944,12450,28999,10
2025-09-01,ロケット団の栄光 BOX,12000,9599,26900,23
2025-09-01,熱風のアリーナ BOX,11950,9000,38888,12
2025-09-01,バトルパートナーズ BOX,13000,9980,22111,23
2025-09-01,テラスタルフェス BOX,17500,14800,39999,19
2025-09-01,超電ブレイカー BOX,16888,12450,44444,13
2025-09-02,ロケット団の栄光 BOX,11000,9999,25000,23
2025-09-02,熱風のアリーナ BOX,12166,9600,35999,24
2025-09-02,バトルパートナーズ BOX,12000,9400,38900,25
2025-09-02,テラスタルフェス BOX,22499,14999,39999,18
2025-09-02,超電ブレイカー BOX,16888,12450,44444,13
2025-09-03,ロケット団の栄光 BOX,11750,7499,25000,22
2025-09-03,熱風のアリーナ BOX,12500,9975,35999,19
2025-09-03,バトルパートナーズ BOX,12999,9460,38900,25
2025-09-03,テラスタルフェス BOX,30000,14800,49999,15
2025-09-03,超電ブレイカー BOX,14950,13500,28999,10
2025-09-04,ロケット団の栄光 BOX,11000,5800,22000,23
2025-09-04,熱風のアリーナ BOX,12392,10000,35999,24
2025-09-04,バトルパートナーズ BOX,12999,9980,38500,25
2025-09-04,テラスタルフェス BOX,18500,14222,49999,15
2025-09-04,超電ブレイカー BOX,16666,13999,28999,11
2025-09-05,ロケット団の栄光 BOX,11000,7499,22000,23
2025-09-05,熱風のアリーナ BOX,12475,10000,35999,24
2025-09-05,バトルパートナーズ BOX,12800,9460,38500,25
2025-09-05,テラスタルフェス BOX,29500,15555,49999,17
2025-09-05,超電ブレイカー BOX,17400,14800,26999,9
2025-09-06,ロケット団の栄光 BOX,12000,7499,25000,23
2025-09-06,熱風のアリーナ BOX,12650,10000,35999,22
2025-09-06,バトルパートナーズ BOX,13000,9460,38500,40
2025-09-06,テラスタルフェス BOX,29750,14500,49999,18
2025-09-06,超電ブレイカー BOX,17300,14800,28999,10
2025-09-07,ロケット団の栄光 BOX,12000,5800,28999,23
2025-09-07,熱風のアリーナ BOX,12800,10000,35999,23
2025-09-07,バトルパートナーズ BOX,12000,9222,38500,25
2025-09-07,テラスタルフェス BOX,23500,14222,49999,19
2025-09-07,超電ブレイカー BOX,17200,14800,44444,15
2025-09-08,ロケット団の栄光 BOX,11750,5700,36999,24
2025-09-08,熱風のアリーナ BOX,12995,10000,38999,22
2025-09-08,バトルパートナーズ BOX,12500,9460,21800,20
2025-09-08,テラスタルフェス BOX,18500,14500,49999,20
2025-09-08,超電ブレイカー BOX,17100,14800,44444,16
2025-09-09,ロケット団の栄光 BOX,11111,9500,36999,25
2025-09-09,熱風のアリーナ BOX,13000,10000,38999,23
2025-09-09,バトルパートナーズ BOX,11500,9222,20800,25
2025-09-09,テラスタルフェス BOX,21999,14800,49999,21
2025-09-09,超電ブレイカー BOX,17000,14800,44444,15
2025-09-10,ロケット団の栄光 BOX,10555,5700,20990,25
2025-09-10,熱風のアリーナ BOX,12695,9500,32999,22
2025-09-10,バトルパートナーズ BOX,10750,7800,32999,24
2025-09-10,テラスタルフェス BOX,16844,14999,29999,20
2025-09-10,超電ブレイカー BOX,17894,14800,44444,10
2025-09-11,ロケット団の栄光 BOX,10500,5600,13000,19
2025-09-11,熱風のアリーナ BOX,12366,10000,31500,20
2025-09-11,バトルパートナーズ BOX,11500,8888,16800,19
2025-09-11,テラスタルフェス BOX,16333,14444,32000,22
2025-09-11,超電ブレイカー BOX,18888,14800,31111,9
2025-09-12,ロケット団の栄光 BOX,10300,5550,12222,24
2025-09-12,熱風のアリーナ BOX,12111,10000,25888,18
2025-09-12,バトルパートナーズ BOX,10000,7000,26899,23
2025-09-12,テラスタルフェス BOX,16722,14500,34800,24
2025-09-12,超電ブレイカー BOX,16666,14750,31111,13
2025-09-13,ロケット団の栄光 BOX,10000,7499,12222,24
2025-09-13,熱風のアリーナ BOX,12111,8980,33999,18
2025-09-13,バトルパートナーズ BOX,12599,7200,26899,25
2025-09-13,テラスタルフェス BOX,16583,14500,34800,18
2025-09-13,超電ブレイカー BOX,16222,13555,31111,15
2025-09-14,ロケット団の栄光 BOX,10800,5500,22000,25
2025-09-14,熱風のアリーナ BOX,12222,8500,33999,19
2025-09-14,バトルパートナーズ BOX,11800,7200,27999,25
2025-09-14,テラスタルフェス BOX,16583,14500,31600,22
2025-09-14,超電ブレイカー BOX,16361,13900,31111,16
2025-09-15,ロケット団の栄光 BOX,11000,7499,22000,25
2025-09-15,熱風のアリーナ BOX,12416,10000,35999,18
2025-09-15,バトルパートナーズ BOX,10500,7000,18500,24
2025-09-15,テラスタルフェス BOX,16000,14222,28888,19
2025-09-15,超電ブレイカー BOX,16311,14444,31111,16
2025-09-16,ロケット団の栄光 BOX,10222,8980,22000,24
2025-09-16,熱風のアリーナ BOX,12278,9200,35999,20
2025-09-16,バトルパートナーズ BOX,11250,7000,19999,24
2025-09-16,テラスタルフェス BOX,15000,13800,27499,17
2025-09-16,超電ブレイカー BOX,16300,13999,44444,14
2025-09-17,ロケット団の栄光 BOX,9944,8980,15999,24
2025-09-17,熱風のアリーナ BOX,12000,9100,35999,20
2025-09-17,バトルパートナーズ BOX,11500,7000,27799,25
2025-09-17,テラスタルフェス BOX,16200,14222,37500,20
2025-09-17,超電ブレイカー BOX,16222,13999,44444,13
2025-09-18,ロケット団の栄光 BOX,10800,8400,28999,25
2025-09-18,熱風のアリーナ BOX,12278,9100,37500,20
2025-09-18,バトルパートナーズ BOX,9777,7000,16800,24
2025-09-18,テラスタルフェス BOX,15555,14222,37500,19
2025-09-18,超電ブレイカー BOX,16100,13999,44444,13
2025-09-19,ロケット団の栄光 BOX,9999,8300,28999,25
2025-09-19,熱風のアリーナ BOX,12222,10400,35999,17
2025-09-19,バトルパートナーズ BOX,10800,7000,18400,25
2025-09-19,テラスタルフェス BOX,16666,14400,44000,17
2025-09-19,超電ブレイカー BOX,17777,14800,44444,8
2025-09-20,ロケット団の栄光 BOX,11000,8300,36999,24
2025-09-20,熱風のアリーナ BOX,12111,8980,35999,18
2025-09-20,バトルパートナーズ BOX,11000,7000,18500,24
2025-09-20,テラスタルフェス BOX,15555,13999,30500,19
2025-09-20,超電ブレイカー BOX,15450,13999,44444,14
2025-09-21,ロケット団の栄光 BOX,9999,8300,22000,25
2025-09-21,熱風のアリーナ BOX,12111,8980,35999,18
2025-09-21,バトルパートナーズ BOX,11000,7000,35000,25
2025-09-21,テラスタルフェス BOX,15800,14000,30500,19
2025-09-21,超電ブレイカー BOX,15800,13999,44444,11
2025-09-22,ロケット団の栄光 BOX,9999,9555,19999,13
2025-09-22,熱風のアリーナ BOX,12333,9300,35999,19
2025-09-22,バトルパートナーズ BOX,11000,7000,35555,24
2025-09-22,テラスタルフェス BOX,27500,14499,40500,20
2025-09-22,超電ブレイカー BOX,15700,13999,44444,11
2025-09-23,ロケット団の栄光 BOX,10361,8980,22000,24
2025-09-23,熱風のアリーナ BOX,12333,9200,37000,15
2025-09-23,バトルパートナーズ BOX,10750,7000,18500,20
2025-09-23,テラスタルフェス BOX,26750,14499,43000,20
2025-09-23,超電ブレイカー BOX,16133,13999,44444,12
2025-09-24,ロケット団の栄光 BOX,10110,8980,15999,24
2025-09-24,熱風のアリーナ BOX,12278,9700,37000,16
2025-09-24,バトルパートナーズ BOX,11500,7000,35500,25
2025-09-24,テラスタルフェス BOX,25800,15000,39999,21
2025-09-24,超電ブレイカー BOX,15500,13999,44444,11
2025-09-25,ロケット団の栄光 BOX,9999,8200,22000,25
2025-09-25,熱風のアリーナ BOX,12333,9600,37000,19
2025-09-25,バトルパートナーズ BOX,11200,7000,24999,23
2025-09-25,テラスタルフェス BOX,20000,12800,30000,17
2025-09-25,超電ブレイカー BOX,22944,15000,49600,6
2025-09-26,ロケット団の栄光 BOX,10222,8200,28400,25
2025-09-26,熱風のアリーナ BOX,18400,10000,37000,19
2025-09-26,バトルパートナーズ BOX,11500,7000,24888,23
2025-09-26,テラスタルフェス BOX,20000,14700,30900,18
2025-09-26,超電ブレイカー BOX,16666,14800,44444,9
2025-09-27,ロケット団の栄光 BOX,10500,8200,33000,21
2025-09-27,熱風のアリーナ BOX,12333,10000,35999,19
2025-09-27,バトルパートナーズ BOX,11200,7000,20700,25
2025-09-27,テラスタルフェス BOX,17500,14399,30900,23
2025-09-27,超電ブレイカー BOX,15200,14000,44444,11
2025-09-28,ロケット団の栄光 BOX,10750,9000,33000,24
2025-09-28,熱風のアリーナ BOX,12278,10000,37500,20
2025-09-28,バトルパートナーズ BOX,10500,7000,34999,19
2025-09-28,テラスタルフェス BOX,16740,13300,30900,16
2025-09-28,超電ブレイカー BOX,18888,14800,49480,9
2025-09-29,ロケット団の栄光 BOX,9999,9450,19000,13
2025-09-29,熱風のアリーナ BOX,12278,10000,29900,18
2025-09-29,バトルパートナーズ BOX,10666,7000,34999,23
2025-09-29,テラスタルフェス BOX,15990,13099,37500,20
2025-09-29,超電ブレイカー BOX,15000,13600,31111,11
2025-09-30,ロケット団の栄光 BOX,10000,8500,28000,24
2025-09-30,熱風のアリーナ BOX,12333,9990,35999,19
2025-09-30,バトルパートナーズ BOX,10900,7000,33555,24
2025-09-30,テラスタルフェス BOX,15900,13999,37500,17
2025-09-30,超電ブレイカー BOX,16333,14900,31111,10
2025-10-01,ロケット団の栄光 BOX,10000,9100,28000,24
2025-10-01,熱風のアリーナ BOX,12516,9990,35999,20
2025-10-01,バトルパートナーズ BOX,12600,7000,33555,20
2025-10-01,テラスタルフェス BOX,15900,13999,37500,19
2025-10-01,超電ブレイカー BOX,16233,14980,31111,10
2025-10-02,ロケット団の栄光 BOX,9999,9400,12600,13
2025-10-02,熱風のアリーナ BOX,12278,6300,42000,16
2025-10-02,バトルパートナーズ BOX,11500,7000,34999,20
2025-10-02,テラスタルフェス BOX,15500,13000,37500,11
2025-10-02,超電ブレイカー BOX,15700,13800,31111,11
2025-10-03,ロケット団の栄光 BOX,10000,8200,15999,25
2025-10-03,熱風のアリーナ BOX,12333,7777,35999,19
2025-10-03,バトルパートナーズ BOX,11500,7000,34999,23
2025-10-03,テラスタルフェス BOX,15200,13499,27000,18
2025-10-03,超電ブレイカー BOX,16666,14999,31111,9
2025-10-04,ロケット団の栄光 BOX,9700,8980,11111,13
2025-10-04,熱風のアリーナ BOX,12500,10499,29900,19
2025-10-04,バトルパートナーズ BOX,11500,7000,34999,19
2025-10-04,テラスタルフェス BOX,15000,13000,30500,19
2025-10-04,超電ブレイカー BOX,17777,15000,31111,8
2025-10-05,ロケット団の栄光 BOX,10000,8980,30000,25
2025-10-05,熱風のアリーナ BOX,12800,10999,29900,11
2025-10-05,バトルパートナーズ BOX,12600,7000,34999,24
2025-10-05,テラスタルフェス BOX,15000,13500,25555,18
2025-10-05,超電ブレイカー BOX,18888,15000,44444,7
2025-10-06,ロケット団の栄光 BOX,10900,9200,21200,24
2025-10-06,熱風のアリーナ BOX,12111,6300,29900,10
2025-10-06,バトルパートナーズ BOX,13700,7000,34999,22
2025-10-06,テラスタルフェス BOX,14600,13000,17500,18
2025-10-06,超電ブレイカー BOX,16666,14888,31111,9
2025-10-07,ロケット団の栄光 BOX,12000,8980,22000,25
2025-10-07,熱風のアリーナ BOX,12000,6300,29900,19
2025-10-07,バトルパートナーズ BOX,11999,7000,34999,25
2025-10-07,テラスタルフェス BOX,14750,13500,24444,18
2025-10-07,超電ブレイカー BOX,16666,14888,31111,9
2025-10-08,ロケット団の栄光 BOX,11556,8980,20500,12
2025-10-08,熱風のアリーナ BOX,12278,6300,35999,20
2025-10-08,バトルパートナーズ BOX,12222,7000,34999,23
2025-10-08,テラスタルフェス BOX,15000,13999,30000,19
2025-10-08,超電ブレイカー BOX,15883,14000,31111,10
2025-10-09,ロケット団の栄光 BOX,12000,8980,22000,23
2025-10-09,熱風のアリーナ BOX,12333,6300,37500,17
2025-10-09,バトルパートナーズ BOX,13700,7000,24444,19
2025-10-09,テラスタルフェス BOX,15500,14500,30000,16
2025-10-09,超電ブレイカー BOX,16666,14888,31111,9
2025-10-10,ロケット団の栄光 BOX,12000,8480,22000,23
2025-10-10,熱風のアリーナ BOX,12333,6300,35999,21
2025-10-10,バトルパートナーズ BOX,12222,7000,24444,23
2025-10-10,テラスタルフェス BOX,17250,14499,37500,18
2025-10-10,超電ブレイカー BOX,16666,14888,31111,9
2025-10-11,ロケット団の栄光 BOX,12000,8480,21200,21
2025-10-11,熱風のアリーナ BOX,12278,6300,33000,22
2025-10-11,バトルパートナーズ BOX,12250,7000,24333,22
2025-10-11,テラスタルフェス BOX,17800,14500,44999,17
2025-10-11,超電ブレイカー BOX,16666,14800,33500,11
2025-10-12,ロケット団の栄光 BOX,12222,8480,22000,23
2025-10-12,熱風のアリーナ BOX,12516,6300,33000,22
2025-10-12,バトルパートナーズ BOX,13350,7000,24333,22
2025-10-12,テラスタルフェス BOX,17500,9500,29999,17
2025-10-12,超電ブレイカー BOX,17794,14808,32000,10
2025-10-13,ロケット団の栄光 BOX,12000,8480,21600,25
2025-10-13,熱風のアリーナ BOX,13350,9200,33000,22
2025-10-13,バトルパートナーズ BOX,12250,7000,24333,22
2025-10-13,テラスタルフェス BOX,16000,9499,29999,21
2025-10-13,超電ブレイカー BOX,16666,14808,31111,9
2025-10-14,ロケット団の栄光 BOX,12000,8480,21600,23
2025-10-14,熱風のアリーナ BOX,13578,9700,28900,18
2025-10-14,バトルパートナーズ BOX,11500,7000,24333,24
2025-10-14,テラスタルフェス BOX,16283,9500,24444,18
2025-10-14,超電ブレイカー BOX,16533,14700,31111,10
2025-10-15,ロケット団の栄光 BOX,12000,6500,17000,24
2025-10-15,熱風のアリーナ BOX,13578,9200,28900,20
2025-10-15,バトルパートナーズ BOX,11500,7000,24333,23
2025-10-15,テラスタルフェス BOX,16006,9500,34000,20
2025-10-15,超電ブレイカー BOX,18888,12222,44444,9
2025-10-16,ロケット団の栄光 BOX,12150,6500,16800,24
2025-10-16,熱風のアリーナ BOX,12211,9200,28900,20
2025-10-16,バトルパートナーズ BOX,10450,7000,22900,24
2025-10-16,テラスタルフェス BOX,16111,9500,31000,25
2025-10-16,超電ブレイカー BOX,18888,12222,44444,9
2025-10-17,ロケット団の栄光 BOX,13333,6500,17000,23
2025-10-17,熱風のアリーナ BOX,12600,9200,28900,19
2025-10-17,バトルパートナーズ BOX,10500,6100,22900,25
2025-10-17,テラスタルフェス BOX,16000,9500,44500,23
2025-10-17,超電ブレイカー BOX,22944,15000,44444,4
2025-10-18,ロケット団の栄光 BOX,12916,6500,17000,24
2025-10-18,熱風のアリーナ BOX,12500,6300,40000,17
2025-10-18,バトルパートナーズ BOX,10450,6100,26799,20
2025-10-18,テラスタルフェス BOX,15838,9500,19800,22
2025-10-18,超電ブレイカー BOX,18888,12222,44444,9
2025-10-19,ロケット団の栄光 BOX,12500,5799,15999,12
2025-10-19,熱風のアリーナ BOX,12011,9600,28900,18
2025-10-19,バトルパートナーズ BOX,10500,6100,24333,23
2025-10-19,テラスタルフェス BOX,15783,9500,35000,22
2025-10-19,超電ブレイカー BOX,17777,14100,31111,8
2025-10-20,ロケット団の栄光 BOX,13800,6500,33999,25
2025-10-20,熱風のアリーナ BOX,12011,9600,28900,18
2025-10-20,バトルパートナーズ BOX,10950,6100,24333,24
2025-10-20,テラスタルフェス BOX,15900,9499,33333,19
2025-10-20,超電ブレイカー BOX,22944,15000,44444,4
2025-10-21,ロケット団の栄光 BOX,13000,6500,22900,24
2025-10-21,熱風のアリーナ BOX,12361,9600,29800,18
2025-10-21,バトルパートナーズ BOX,11600,7000,24333,24
2025-10-21,テラスタルフェス BOX,15666,9444,31599,23
2025-10-21,超電ブレイカー BOX,18888,12222,44444,9
2025-10-22,ロケット団の栄光 BOX,11100,5799,15999,13
2025-10-22,熱風のアリーナ BOX,12750,9600,29800,18
2025-10-22,バトルパートナーズ BOX,10950,5888,24333,24
2025-10-22,テラスタルフェス BOX,15555,9444,31599,23
2025-10-22,超電ブレイカー BOX,22944,15000,44444,4
2025-10-23,ロケット団の栄光 BOX,13800,6500,37777,23
2025-10-23,熱風のアリーナ BOX,12700,9600,29800,18
2025-10-23,バトルパートナーズ BOX,10650,5888,26999,24
2025-10-23,テラスタルフェス BOX,15600,9444,31599,19
2025-10-23,超電ブレイカー BOX,18888,15000,31111,9
2025-10-24,ロケット団の栄光 BOX,13500,6500,17000,23
2025-10-24,熱風のアリーナ BOX,13000,9600,29600,19
2025-10-24,バトルパートナーズ BOX,9999,5888,24333,25
2025-10-24,テラスタルフェス BOX,15555,9399,30000,24
2025-10-24,超電ブレイカー BOX,17777,15000,31111,8
2025-10-25,ロケット団の栄光 BOX,13250,6500,17000,24
2025-10-25,熱風のアリーナ BOX,13000,9590,29600,19
2025-10-25,バトルパートナーズ BOX,10400,5888,24333,25
2025-10-25,テラスタルフェス BOX,14750,9399,16100,24
2025-10-25,超電ブレイカー BOX,18888,15000,31111,9
2025-10-26,ロケット団の栄光 BOX,13650,6500,23000,24
2025-10-26,熱風のアリーナ BOX,12511,9490,28000,18
2025-10-26,バトルパートナーズ BOX,10650,6000,24333,24
2025-10-26,テラスタルフェス BOX,14800,9400,29000,19
2025-10-26,超電ブレイカー BOX,18888,15000,31111,9
2025-10-27,ロケット団の栄光 BOX,12500,5799,15999,13
2025-10-27,熱風のアリーナ BOX,13628,9490,29600,18
2025-10-27,バトルパートナーズ BOX,10550,6000,26800,24
2025-10-27,テラスタルフェス BOX,14500,9399,41000,23
2025-10-27,超電ブレイカー BOX,22944,15000,44444,6
2025-10-28,ロケット団の栄光 BOX,13650,6500,17000,18
2025-10-28,熱風のアリーナ BOX,13338,6300,29600,16
2025-10-28,バトルパートナーズ BOX,10500,6000,26800,24
2025-10-28,テラスタルフェス BOX,14500,13000,41000,23
2025-10-28,超電ブレイカー BOX,17777,15000,31111,8
2025-10-29,ロケット団の栄光 BOX,12800,6500,17000,23
2025-10-29,熱風のアリーナ BOX,12211,9490,28900,18
2025-10-29,バトルパートナーズ BOX,10450,5888,24333,24
2025-10-29,テラスタルフェス BOX,14000,13350,30000,24
2025-10-29,超電ブレイカー BOX,18888,12222,44444,9
2025-10-30,ロケット団の栄光 BOX,13300,6500,17000,22
2025-10-30,熱風のアリーナ BOX,13338,9490,40000,20
2025-10-30,バトルパートナーズ BOX,10500,5888,25399,24
2025-10-30,テラスタルフェス BOX,14000,13000,27000,24
2025-10-30,超電ブレイカー BOX,18888,12222,44444,9
2025-10-31,ロケット団の栄光 BOX,13000,6500,16800,23
2025-10-31,熱風のアリーナ BOX,14455,6300,47000,17
2025-10-31,バトルパートナーズ BOX,10500,5888,19999,20
2025-10-31,テラスタルフェス BOX,14500,13500,39500,24
2025-10-31,超電ブレイカー BOX,22944,15000,44444,6
2025-11-01,ロケット団の栄光 BOX,13400,6500,17000,22
2025-11-01,熱風のアリーナ BOX,12111,9390,28900,18
2025-11-01,バトルパートナーズ BOX,11800,5888,26999,25
2025-11-01,テラスタルフェス BOX,14500,13000,29888,24
2025-11-01,超電ブレイカー BOX,17777,14999,31111,8
2025-11-02,ロケット団の栄光 BOX,12900,6500,16800,22
2025-11-02,熱風のアリーナ BOX,12111,9390,28900,20
2025-11-02,バトルパートナーズ BOX,11000,5888,24333,23
2025-11-02,テラスタルフェス BOX,14000,13000,26000,24
2025-11-02,超電ブレイカー BOX,17777,15000,31111,8
2025-11-03,ロケット団の栄光 BOX,12600,6500,16800,21
2025-11-03,熱風のアリーナ BOX,12411,9390,19999,18
2025-11-03,バトルパートナーズ BOX,10500,5888,24333,23
2025-11-03,テラスタルフェス BOX,13800,13000,25880,21
2025-11-03,超電ブレイカー BOX,17777,12222,44444,8
2025-11-04,ロケット団の栄光 BOX,12900,6500,16800,22
2025-11-04,熱風のアリーナ BOX,12222,9390,19999,18
2025-11-04,バトルパートナーズ BOX,11250,8999,24333,18
2025-11-04,テラスタルフェス BOX,13500,13000,24600,25
2025-11-04,超電ブレイカー BOX,17777,12222,44444,8
2025-11-05,ロケット団の栄光 BOX,12500,6500,17000,18
2025-11-05,熱風のアリーナ BOX,12211,9390,19800,18
2025-11-05,バトルパートナーズ BOX,10500,5888,24333,23
2025-11-05,テラスタルフェス BOX,13500,12800,15666,25
2025-11-05,超電ブレイカー BOX,22944,15000,44444,4
2025-11-06,ロケット団の栄光 BOX,12528,6500,16800,20
2025-11-06,熱風のアリーナ BOX,12000,6300,19800,11
2025-11-06,バトルパートナーズ BOX,10500,5888,24333,24
2025-11-06,テラスタルフェス BOX,14100,13333,24700,18
2025-11-06,超電ブレイカー BOX,18888,12222,44444,7
2025-11-07,ロケット団の栄光 BOX,13000,6500,17000,21
2025-11-07,熱風のアリーナ BOX,15000,9390,39999,17
2025-11-07,バトルパートナーズ BOX,11250,9000,24333,18
2025-11-07,テラスタルフェス BOX,14800,12800,39500,19
2025-11-07,超電ブレイカー BOX,16000,14800,31111,10
2025-11-08,ロケット団の栄光 BOX,13000,6500,29999,21
2025-11-08,熱風のアリーナ BOX,14628,9290,39999,16
2025-11-08,バトルパートナーズ BOX,12200,8999,24333,19
2025-11-08,テラスタルフェス BOX,14100,12800,25999,21
2025-11-08,超電ブレイカー BOX,15999,12222,31111,9
2025-11-09,ロケット団の栄光 BOX,12500,5799,15999,13
2025-11-09,熱風のアリーナ BOX,14455,9290,39999,17
2025-11-09,バトルパートナーズ BOX,10800,8200,19590,19
2025-11-09,テラスタルフェス BOX,14300,12999,26000,22
2025-11-09,超電ブレイカー BOX,18888,12000,44444,7
2025-11-10,ロケット団の栄光 BOX,13000,6500,29999,21
2025-11-10,熱風のアリーナ BOX,14628,9190,39999,16
2025-11-10,バトルパートナーズ BOX,11750,5888,19500,24
2025-11-10,テラスタルフェス BOX,14000,12800,26900,24
2025-11-10,超電ブレイカー BOX,17244,6499,44444,8
2025-11-11,ロケット団の栄光 BOX,13000,6500,29999,21
2025-11-11,熱風のアリーナ BOX,13200,9190,19999,17
2025-11-11,バトルパートナーズ BOX,11778,5888,26999,24
2025-11-11,テラスタルフェス BOX,13999,12000,18980,24
2025-11-11,超電ブレイカー BOX,18244,6499,44444,8
2025-11-12,ロケット団の栄光 BOX,13000,7499,29999,21
2025-11-12,熱風のアリーナ BOX,12702,9190,19800,18
2025-11-12,バトルパートナーズ BOX,12000,8200,26999,19
2025-11-12,テラスタルフェス BOX,13500,11111,15666,23
2025-11-12,超電ブレイカー BOX,17600,6499,44444,9
2025-11-13,ロケット団の栄光 BOX,13000,7499,17000,22
2025-11-13,熱風のアリーナ BOX,14900,10000,39999,16
2025-11-13,バトルパートナーズ BOX,10800,5888,26899,23
2025-11-13,テラスタルフェス BOX,13499,11111,15666,23
2025-11-13,超電ブレイカー BOX,18244,6499,44444,8
2025-11-14,ロケット団の栄光 BOX,14444,7499,29999,17
2025-11-14,熱風のアリーナ BOX,19800,9600,44444,13
2025-11-14,バトルパートナーズ BOX,10800,5888,20000,23
2025-11-14,テラスタルフェス BOX,13000,11111,25999,20
2025-11-14,超電ブレイカー BOX,18244,6499,44444,8
2025-11-15,ロケット団の栄光 BOX,14500,7499,45999,23
2025-11-15,熱風のアリーナ BOX,16000,10000,40000,17
2025-11-15,バトルパートナーズ BOX,12000,5670,26899,23
2025-11-15,テラスタルフェス BOX,13416,10999,27580,22
2025-11-15,超電ブレイカー BOX,18744,12000,27580,8
2025-11-16,ロケット団の栄光 BOX,14472,7499,42222,22
2025-11-16,熱風のアリーナ BOX,15000,10000,40000,17
2025-11-16,バトルパートナーズ BOX,10500,5669,19400,23
2025-11-16,テラスタルフェス BOX,13500,10999,26980,22
2025-11-16,超電ブレイカー BOX,18600,6499,44444,9
2025-11-17,ロケット団の栄光 BOX,15220,7499,45555,22
2025-11-17,熱風のアリーナ BOX,14228,10000,40000,16
2025-11-17,バトルパートナーズ BOX,9750,5669,19300,24
2025-11-17,テラスタルフェス BOX,13000,12750,25555,18
2025-11-17,超電ブレイカー BOX,18744,6499,44444,8
2025-11-19,ロケット団の栄光 BOX,14472,7499,44444,22
2025-11-19,熱風のアリーナ BOX,15950,10000,39999,16
2025-11-19,バトルパートナーズ BOX,11500,8888,42100,22
2025-11-19,テラスタルフェス BOX,12750,12400,37000,21
2025-11-19,超電ブレイカー BOX,18744,6499,44444,8
2025-11-20,ロケット団の栄光 BOX,14500,7499,45555,23
2025-11-20,熱風のアリーナ BOX,14450,9600,19800,12
2025-11-20,バトルパートナーズ BOX,9400,5659,26899,25
2025-11-20,テラスタルフェス BOX,12725,12222,35980,18
2025-11-20,超電ブレイカー BOX,18600,6499,44444,9
2025-11-21,ロケット団の栄光 BOX,14500,7499,39000,23
2025-11-21,熱風のアリーナ BOX,14800,9600,30998,17
2025-11-21,バトルパートナーズ BOX,9000,5659,26500,25
2025-11-21,テラスタルフェス BOX,12980,12000,35000,19
2025-11-21,超電ブレイカー BOX,18744,6499,44444,8
2025-11-22,ロケット団の栄光 BOX,14500,10800,39000,21
2025-11-22,熱風のアリーナ BOX,17000,10000,40000,17
2025-11-22,バトルパートナーズ BOX,9000,5659,26500,25
2025-11-22,テラスタルフェス BOX,13650,12000,35000,22
2025-11-22,超電ブレイカー BOX,18888,6499,44444,5
2025-11-23,ロケット団の栄光 BOX,15997,10800,44999,21
2025-11-23,熱風のアリーナ BOX,17000,10000,40000,17
2025-11-23,バトルパートナーズ BOX,9500,5659,26500,25
2025-11-23,テラスタルフェス BOX,18616,12000,36000,20
2025-11-23,超電ブレイカー BOX,17300,11111,26999,8
2025-11-24,ロケット団の栄光 BOX,15997,10800,43333,21
2025-11-24,熱風のアリーナ BOX,16450,10000,39999,18
2025-11-24,バトルパートナーズ BOX,9900,8500,26500,25
2025-11-24,テラスタルフェス BOX,20150,12000,36000,22
2025-11-24,超電ブレイカー BOX,17300,11111,26999,8
2025-11-25,ロケット団の栄光 BOX,14100,10800,43333,21
2025-11-25,熱風のアリーナ BOX,15555,10000,33500,19
2025-11-25,バトルパートナーズ BOX,10000,5888,25999,21
2025-11-25,テラスタルフェス BOX,19166,11999,35555,22
2025-11-25,超電ブレイカー BOX,18600,6499,44444,9
2025-11-26,ロケット団の栄光 BOX,14800,10800,39000,22
2025-11-26,熱風のアリーナ BOX,15278,10000,30998,18
2025-11-26,バトルパートナーズ BOX,10000,8888,25999,21
2025-11-26,テラスタルフェス BOX,13500,12000,24500,11
2025-11-26,超電ブレイカー BOX,17300,6499,44444,8
2025-11-27,ロケット団の栄光 BOX,14100,11400,39000,21
2025-11-27,熱風のアリーナ BOX,15000,10000,30998,18
2025-11-27,バトルパートナーズ BOX,9890,8500,19000,24
2025-11-27,テラスタルフェス BOX,13333,11900,35555,17
2025-11-27,超電ブレイカー BOX,15333,6499,26999,7
2025-11-28,ロケット団の栄光 BOX,14000,11400,39000,12
2025-11-28,熱風のアリーナ BOX,14999,10000,30000,17
2025-11-28,バトルパートナーズ BOX,10145,8500,19200,24
2025-11-28,テラスタルフェス BOX,14666,9300,35300,20
2025-11-28,超電ブレイカー BOX,15333,6499,26999,7
2025-11-29,ロケット団の栄光 BOX,14050,11400,23999,18
2025-11-29,熱風のアリーナ BOX,15900,9600,47777,17
2025-11-29,バトルパートナーズ BOX,10500,5888,25999,21
2025-11-29,テラスタルフェス BOX,12700,9300,35500,23
2025-11-29,超電ブレイカー BOX,15333,6499,26999,7
2025-11-30,ロケット団の栄光 BOX,14800,11400,39000,20
2025-11-30,熱風のアリーナ BOX,14900,10000,37800,21
2025-11-30,バトルパートナーズ BOX,9800,8500,25999,24
2025-11-30,テラスタルフェス BOX,15000,11900,35500,23
2025-11-30,超電ブレイカー BOX,15444,6499,26999,4
2025-12-01,ロケット団の栄光 BOX,15500,11400,39000,19
2025-12-01,熱風のアリーナ BOX,14900,10000,37800,21
2025-12-01,バトルパートナーズ BOX,10145,8500,25999,24
2025-12-01,テラスタルフェス BOX,20000,12300,38000,19
2025-12-01,超電ブレイカー BOX,15333,6499,26999,7
2025-12-02,ロケット団の栄光 BOX,14800,11400,39000,18
2025-12-02,熱風のアリーナ BOX,14900,10000,39999,21
2025-12-02,バトルパートナーズ BOX,9945,8500,25999,24
2025-12-02,テラスタルフェス BOX,15490,9700,26000,18
2025-12-02,超電ブレイカー BOX,15300,6499,26999,6
2025-12-03,ロケット団の栄光 BOX,13666,11400,35400,22
2025-12-03,熱風のアリーナ BOX,14194,10000,38000,20
2025-12-03,バトルパートナーズ BOX,9990,5580,25999,21
2025-12-03,テラスタルフェス BOX,15490,12500,29999,18
2025-12-03,超電ブレイカー BOX,18600,6499,31499,7
2025-12-04,ロケット団の栄光 BOX,13333,11400,39000,23
2025-12-04,熱風のアリーナ BOX,14628,10000,38000,24
2025-12-04,バトルパートナーズ BOX,9500,8500,25999,25
2025-12-04,テラスタルフェス BOX,14500,9400,28000,17
2025-12-04,超電ブレイカー BOX,15300,6499,26999,6
2025-12-05,ロケット団の栄光 BOX,13000,11400,35400,23
2025-12-05,熱風のアリーナ BOX,14800,10000,38000,23
2025-12-05,バトルパートナーズ BOX,9540,8500,21000,24
2025-12-05,テラスタルフェス BOX,15240,9400,48000,14
2025-12-05,超電ブレイカー BOX,18600,6499,31777,7
2025-12-06,ロケット団の栄光 BOX,13000,11400,35400,23
2025-12-06,熱風のアリーナ BOX,15000,10000,39999,22
2025-12-06,バトルパートナーズ BOX,11111,8500,39999,25
2025-12-06,テラスタルフェス BOX,22900,12555,36500,18
2025-12-06,超電ブレイカー BOX,18600,6499,31777,7
2025-12-07,ロケット団の栄光 BOX,12300,8000,15300,11
2025-12-07,熱風のアリーナ BOX,15000,10000,39999,21
2025-12-07,バトルパートナーズ BOX,11000,8500,26000,25
2025-12-07,テラスタルフェス BOX,13750,12555,27000,16
2025-12-07,超電ブレイカー BOX,18744,6499,32000,8
2025-12-08,ロケット団の栄光 BOX,13000,11400,25000,24
2025-12-08,熱風のアリーナ BOX,15000,12000,39999,12
2025-12-08,バトルパートナーズ BOX,11000,8500,25999,24
2025-12-08,テラスタルフェス BOX,13750,12400,31111,18
2025-12-08,超電ブレイカー BOX,17300,6499,38888,8
2025-12-09,ロケット団の栄光 BOX,13000,11400,17000,21
2025-12-09,熱風のアリーナ BOX,15900,10000,39999,19
2025-12-09,バトルパートナーズ BOX,9950,8500,25999,24
2025-12-09,テラスタルフェス BOX,13999,12555,31111,18
2025-12-09,超電ブレイカー BOX,18600,6499,26999,5
2025-12-10,ロケット団の栄光 BOX,13000,8800,17000,22
2025-12-10,熱風のアリーナ BOX,15900,10000,39999,19
2025-12-10,バトルパートナーズ BOX,10500,8880,25999,20
2025-12-10,テラスタルフェス BOX,13990,12000,36990,18
2025-12-10,超電ブレイカー BOX,17300,6499,26999,6
2025-12-11,ロケット団の栄光 BOX,13000,8800,16800,22
2025-12-11,熱風のアリーナ BOX,15450,10000,39999,20
2025-12-11,バトルパートナーズ BOX,9900,8500,25499,25
2025-12-11,テラスタルフェス BOX,13980,11500,36990,19
2025-12-11,超電ブレイカー BOX,17300,6499,26999,6
2025-12-12,ロケット団の栄光 BOX,13000,11200,16800,22
2025-12-12,熱風のアリーナ BOX,16550,10000,39999,20
2025-12-12,バトルパートナーズ BOX,10500,8500,25499,24
2025-12-12,テラスタルフェス BOX,14000,12750,36000,18
2025-12-12,超電ブレイカー BOX,17300,6499,20400,6
2025-12-13,ロケット団の栄光 BOX,13000,11200,16800,22
2025-12-13,熱風のアリーナ BOX,16100,10000,39999,19
2025-12-13,バトルパートナーズ BOX,9900,8500,20000,19
2025-12-13,テラスタルフェス BOX,14500,12700,38000,17
2025-12-13,超電ブレイカー BOX,18600,6499,26999,7
2025-12-14,ロケット団の栄光 BOX,13000,11100,16000,22
2025-12-14,熱風のアリーナ BOX,16100,9600,39999,17
2025-12-14,バトルパートナーズ BOX,11556,8880,25499,20
2025-12-14,テラスタルフェス BOX,13990,12500,26000,16
2025-12-14,超電ブレイカー BOX,18744,6499,26999,6
2025-12-15,ロケット団の栄光 BOX,13000,11100,16000,21
2025-12-15,熱風のアリーナ BOX,17000,10000,39999,19
2025-12-15,バトルパートナーズ BOX,12500,8600,25999,25
2025-12-15,テラスタルフェス BOX,14000,12500,32499,17
2025-12-15,超電ブレイカー BOX,18744,6499,26999,6
2025-12-16,ロケット団の栄光 BOX,13333,11100,17000,21
2025-12-16,熱風のアリーナ BOX,16550,10000,39999,20
2025-12-16,バトルパートナーズ BOX,12500,9000,25999,19
2025-12-16,テラスタルフェス BOX,13980,12500,36000,17
2025-12-16,超電ブレイカー BOX,17550,6499,26999,6
2025-12-17,ロケット団の栄光 BOX,13000,11000,17000,21
2025-12-17,熱風のアリーナ BOX,17000,10000,39999,19
2025-12-17,バトルパートナーズ BOX,12500,9000,29500,19
2025-12-17,テラスタルフェス BOX,14000,13000,26000,16
2025-12-17,超電ブレイカー BOX,16500,6499,26999,7
2025-12-18,ロケット団の栄光 BOX,13333,10900,17000,21
2025-12-18,熱風のアリーナ BOX,19800,9600,47999,17
2025-12-18,バトルパートナーズ BOX,11056,8500,25999,24
2025-12-18,テラスタルフェス BOX,18980,13000,31111,19
2025-12-18,超電ブレイカー BOX,17300,6499,30000,8
2025-12-19,ロケット団の栄光 BOX,13333,10900,17000,21
2025-12-19,熱風のアリーナ BOX,19800,10000,47999,17
2025-12-19,バトルパートナーズ BOX,11000,8000,29500,24
2025-12-19,テラスタルフェス BOX,14000,12000,28000,18
2025-12-19,超電ブレイカー BOX,18744,6499,26999,4
2025-12-20,ロケット団の栄光 BOX,13166,10800,16800,20
2025-12-20,熱風のアリーナ BOX,19800,10000,47999,19
2025-12-20,バトルパートナーズ BOX,11000,8980,29500,19
2025-12-20,テラスタルフェス BOX,15888,12650,29999,21
2025-12-20,超電ブレイカー BOX,15999,6499,26999,7
2025-12-21,ロケット団の栄光 BOX,13990,10800,17000,18
2025-12-21,熱風のアリーナ BOX,17000,10000,47999,19
2025-12-21,バトルパートナーズ BOX,11111,8500,29500,21
2025-12-21,テラスタルフェス BOX,18300,12999,29999,17
2025-12-21,超電ブレイカー BOX,17100,6499,26999,6
2025-12-22,ロケット団の栄光 BOX,13940,10800,16800,18
2025-12-22,熱風のアリーナ BOX,17000,10000,47999,19
2025-12-22,バトルパートナーズ BOX,11000,8500,22000,25
2025-12-22,テラスタルフェス BOX,16740,12800,28000,20
2025-12-22,超電ブレイカー BOX,18600,6499,31500,7
2025-12-23,ロケット団の栄光 BOX,13990,10800,17000,18
2025-12-23,熱風のアリーナ BOX,18400,10800,47999,18
2025-12-23,バトルパートナーズ BOX,10499,8000,29500,25
2025-12-23,テラスタルフェス BOX,16350,12500,28000,20
2025-12-23,超電ブレイカー BOX,17050,6499,26999,6
